123,1582,,,
aaa,abc,,,
,aaa,~!@#$%^&*(),,
""""""""" """"1""""",",,,",,,s
,LIJIE,"123,123","123""""123",
tabtab,123 123,"123456,","m""""","y
111"
123,"12""""00",,,
1111,111,123,112,
123,1582,,,
aaa,abc,,,
,aaa,~!@#$%^&*(),,
""""""""" """"1""""",",,,",,,s
,LIJIE,"123,123","123""""123",
tabtab,123 123,"123456,","m""""","y
111"
123,"12""""00",,,
1111,111,123,112,
123,1582,,,
aaa,abc,,,
,aaa,~!@#$%^&*(),,
""""""""" """"1""""",",,,",,,s
,LIJIE,"123,123","123""""123",
tabtab,123 123,"123456,","m""""","y
111"
123,"12""""00",,,
1111,111,123,112,
123,1582,,,
aaa,abc,,,
,aaa,~!@#$%^&*(),,
""""""""" """"1""""",",,,",,,s
,LIJIE,"123,123","123""""123",
tabtab,123 123,"123456,","m""""","y
111"
123,"12""""00",,,
1111,111,123,112,
",",,,",,,s
,LIJIE,123,123","123""123",
tabtab,123 123,"123456,","m""","y
111"
123,"12""00",,,
1111,111,123,112,
123,1582,,,
aaa,abc,,,
,aaa,~!@#$%^&*(),,
""""" ""1""",",,,",,,s
,LIJIE,"123,123","123""123",
tabtab,123 123,"123456,","m""","y
111"
123,"12""00",,,
1111,111,123,112,
123,1582,,,
aaa,abc,,,
,aaa,~!@#$%^&*(),,
""""" ""1""",",,,",,,s
,LIJIE,"123,123","123""123",
tabtab,123 123,"123456,","m""","y
111"
123,"12""00",,,
1111,111,123,112,
123,1582,,,
aaa,abc,,,
,aaa,~!@#$%^&*(),,
""""" ""1""",",,,",,,s
,LIJIE,"123,123","123""123",
tabtab,123 123,"123456,","m""","y
111"
123,"12""00",,,
1111,111,123,112,
